_id,cc_number,cc_cvv,cc_holder_name,cc_exp_date
66794916d575271fd9127b9d,38598595244533,358,Ricky Adams,2024-07-04T00:00:00.000Z
66794916d575271fd9127b9e,2592985213331871,138,Harold Williams,2026-03-31T00:00:00.000Z
66794916d575271fd9127b9f,213121624134448,345,Tony Palmer,2027-06-12T00:00:00.000Z
66794916d575271fd9127ba0,6598801555284930,821,Jacqueline George,2025-11-23T00:00:00.000Z
66794916d575271fd9127ba1,4255414637918183,891,Christopher Wagner,2028-06-18T00:00:00.000Z
66794916d575271fd9127ba2,4871113244864400,156,Richard Blair,2028-05-09T00:00:00.000Z
66794916d575271fd9127ba3,676160910557,464,Haley Sanders,2026-06-07T00:00:00.000Z
66794916d575271fd9127ba4,213157642536172,485,Jack Grimes,2028-03-11T00:00:00.000Z
66794916d575271fd9127ba5,2254616146358173,930,Scott Williamson,2029-03-30T00:00:00.000Z
66794916d575271fd9127ba6,3500431839763485,326,David Murphy,2025-09-22T00:00:00.000Z
66794916d575271fd9127ba7,372563646472677,872,Benjamin Johnson,2027-01-19T00:00:00.000Z
66794916d575271fd9127ba8,349665585662604,175,Mary Sheppard,2024-06-07T00:00:00.000Z
66794916d575271fd9127ba9,2339889790920825,621,Julie Hoffman,2028-05-07T00:00:00.000Z
66794916d575271fd9127baa,676122733352,581,David Cruz,2026-06-12T00:00:00.000Z
66794916d575271fd9127bab,4331442489423448,972,Justin Franklin,2025-08-23T00:00:00.000Z
66794916d575271fd9127bac,4702992276888,908,Randy Hurst,2024-08-20T00:00:00.000Z
66794916d575271fd9127bad,342003899381264,996,Catherine Doyle,2026-08-17T00:00:00.000Z
66794916d575271fd9127bae,3579148049113923,117,Amanda Henry,2025-01-25T00:00:00.000Z
66794916d575271fd9127baf,570355544083,555,Ashley Green,2026-02-25T00:00:00.000Z
66794916d575271fd9127bb0,3587447277740997,158,Christopher Ortiz,2026-07-09T00:00:00.000Z
66794916d575271fd9127bb1,5503682118887914,444,Tabitha Becker,2027-03-04T00:00:00.000Z
66794916d575271fd9127bb2,213154969154465,560,Francisco Wright,2024-10-30T00:00:00.000Z
66794916d575271fd9127bb3,4316075018698155008,323,Cassandra Harris,2027-05-05T00:00:00.000Z
66794916d575271fd9127bb4,501898704611,502,Karen Daniels,2025-03-15T00:00:00.000Z
66794916d575271fd9127bb5,30434716561316,209,Christina Kelly DDS,2024-06-11T00:00:00.000Z
66794916d575271fd9127bb6,6011861561361105,971,Jennifer Harvey,2026-09-22T00:00:00.000Z
66794916d575271fd9127bb7,4618528210815166464,828,Diana Velasquez,2027-06-16T00:00:00.000Z
66794916d575271fd9127bb8,4212504096689796,553,Lisa Jackson,2026-01-14T00:00:00.000Z
66794916d575271fd9127bb9,5174851184417785,337,Daniel Richardson,2028-01-03T00:00:00.000Z
66794916d575271fd9127bba,3560828150019560,781,Angela Shepherd,2024-11-12T00:00:00.000Z
66794916d575271fd9127bbb,4434347556616160,423,Justin Frederick,2025-10-29T00:00:00.000Z
66794916d575271fd9127bbc,3514478639604041,598,Wesley Freeman,2024-12-25T00:00:00.000Z
66794916d575271fd9127bbd,3551130167116633,898,Daniel Willis,2028-02-09T00:00:00.000Z
66794916d575271fd9127bbe,3511488778081565,884,Patrick Miller,2025-05-26T00:00:00.000Z
66794916d575271fd9127bbf,4034676223183384,940,Angela Davis,2026-06-28T00:00:00.000Z
66794916d575271fd9127bc0,4889372102167337984,695,Anthony Anderson,2025-09-10T00:00:00.000Z
66794916d575271fd9127bc1,4293526378230280,541,Bob Green,2026-11-05T00:00:00.000Z
66794916d575271fd9127bc2,2406556141023157,698,Laura Gates,2027-04-11T00:00:00.000Z
66794916d575271fd9127bc3,4328632729065315,248,Joseph Pratt,2025-12-16T00:00:00.000Z
66794916d575271fd9127bc4,2246889359038862,573,Gary Barnett,2025-07-09T00:00:00.000Z
66794916d575271fd9127bc5,4685999437019,532,Andrew Sanford,2025-01-14T00:00:00.000Z
66794916d575271fd9127bc6,213183378521915,442,Willie Hicks,2028-05-28T00:00:00.000Z
66794916d575271fd9127bc7,2233596666810405,849,Chris Meyer,2027-09-11T00:00:00.000Z
66794916d575271fd9127bc8,213154082542547,747,Marvin Brown,2028-06-10T00:00:00.000Z
66794916d575271fd9127bc9,3503645070020233,420,Michael Castillo,2024-10-01T00:00:00.000Z
66794916d575271fd9127bca,4548803333228938240,439,Shelly Glover,2027-11-09T00:00:00.000Z
66794916d575271fd9127bcb,4926024382996109,403,Austin Torres,2024-07-18T00:00:00.000Z
66794916d575271fd9127bcc,4842487393085397,536,Monica Goodwin,2029-03-22T00:00:00.000Z
66794916d575271fd9127bcd,4806477103723381,371,Tim Ellis,2025-02-07T00:00:00.000Z
66794916d575271fd9127bce,4676557407665664,890,William Walker,2025-10-26T00:00:00.000Z
66794916d575271fd9127bcf,373021266592265,490,Connor Moore,2029-01-15T00:00:00.000Z
66794916d575271fd9127bd0,3576791119542324,765,Richard Clark,2029-02-28T00:00:00.000Z
66794916d575271fd9127bd1,4299745230023,509,Darlene Ward,2025-04-01T00:00:00.000Z
66794916d575271fd9127bd2,3574496341309177,859,Taylor Lewis,2025-01-05T00:00:00.000Z
66794916d575271fd9127bd3,30317267306027,494,Daniel Davis,2027-12-18T00:00:00.000Z
66794916d575271fd9127bd4,6588224666477750,694,Samuel Kelley,2026-12-08T00:00:00.000Z
66794916d575271fd9127bd5,6011929189870144,312,John Hernandez,2027-11-12T00:00:00.000Z
66794916d575271fd9127bd6,3576095343860944,739,Kirk Shelton,2026-05-25T00:00:00.000Z
66794916d575271fd9127bd7,4383725118308726,516,David Moore,2027-12-17T00:00:00.000Z
66794916d575271fd9127bd8,4753878826791,769,Chad Wells,2027-08-09T00:00:00.000Z
66794916d575271fd9127bd9,639058705778,525,Alison Wallace,2028-04-28T00:00:00.000Z
66794916d575271fd9127bda,3532921410802985,635,Samantha Larsen,2028-09-11T00:00:00.000Z
66794916d575271fd9127bdb,346961573743610,840,Kyle Harrison,2025-09-29T00:00:00.000Z
66794916d575271fd9127bdc,213193981370238,760,William Lambert,2026-08-27T00:00:00.000Z
66794916d575271fd9127bdd,6571404715848404,156,Andrea Rangel,2027-02-23T00:00:00.000Z
66794916d575271fd9127bde,372491759285449,229,Robert Gonzales,2028-02-10T00:00:00.000Z
66794916d575271fd9127bdf,4750519453779,380,Rebecca Barnes,2025-09-22T00:00:00.000Z
66794916d575271fd9127be0,30087275997022,266,Heather Flores,2027-02-19T00:00:00.000Z
66794916d575271fd9127be1,503805235275,891,Melissa Williams,2028-03-05T00:00:00.000Z
66794916d575271fd9127be2,6520196102395567,535,Pamela Armstrong,2025-01-30T00:00:00.000Z
66794916d575271fd9127be3,344072306316229,237,Aaron Hodges,2024-06-30T00:00:00.000Z
66794916d575271fd9127be4,2701376948205713,647,Jose Paul,2027-11-30T00:00:00.000Z
66794916d575271fd9127be5,60479368304,564,Joseph Webster,2027-12-27T00:00:00.000Z
66794916d575271fd9127be6,4701616780715881,159,Joel Wright,2025-08-02T00:00:00.000Z
66794916d575271fd9127be7,3565290797421987,502,Phillip Garcia,2026-01-06T00:00:00.000Z
66794916d575271fd9127be8,180062455092884,666,Kevin Hines,2028-08-17T00:00:00.000Z
66794916d575271fd9127be9,2235447214149862,218,Julie Harris,2028-10-20T00:00:00.000Z
66794916d575271fd9127bea,3537584528386047,294,Arthur Marshall,2028-08-04T00:00:00.000Z
66794916d575271fd9127beb,30259606729784,195,Michael Wright,2028-04-18T00:00:00.000Z
66794916d575271fd9127bec,36891052459674,494,Michael Marquez,2026-03-10T00:00:00.000Z
66794916d575271fd9127bed,30494101569530,300,Alyssa Jimenez,2028-02-26T00:00:00.000Z
66794916d575271fd9127bee,4349466387153,357,Rhonda Wright,2024-10-18T00:00:00.000Z
66794916d575271fd9127bef,4960121263038061568,928,Melinda Clay,2028-05-05T00:00:00.000Z
66794916d575271fd9127bf0,4331016278131451,149,Jaime Conner MD,2025-01-27T00:00:00.000Z
66794916d575271fd9127bf1,349277530237951,379,Jason Thomas,2028-09-23T00:00:00.000Z
66794916d575271fd9127bf2,342870549603044,892,Alex Torres,2027-05-28T00:00:00.000Z
66794916d575271fd9127bf3,3520513515748546,853,Eric Friedman,2028-05-19T00:00:00.000Z
66794916d575271fd9127bf4,3588304133377283,357,Jennifer Bowen,2025-07-10T00:00:00.000Z
66794916d575271fd9127bf5,4855386246600,922,Jose Casey,2026-03-15T00:00:00.000Z
66794916d575271fd9127bf6,341870393108364,121,John Thomas,2027-12-27T00:00:00.000Z
66794916d575271fd9127bf7,3562090026625876,653,Stephanie Butler,2024-08-16T00:00:00.000Z
66794916d575271fd9127bf8,346511191029569,615,Matthew Robinson,2025-04-05T00:00:00.000Z
66794916d575271fd9127bf9,4820577025598910,271,Jeremy Sanders,2028-03-31T00:00:00.000Z
66794916d575271fd9127bfa,343047898361651,527,Jessica Carey,2025-12-07T00:00:00.000Z
66794916d575271fd9127bfb,4918173849592157,243,Dana Williams,2027-06-08T00:00:00.000Z
66794916d575271fd9127bfc,30480010500138,597,Jessica Smith,2025-03-06T00:00:00.000Z
66794916d575271fd9127bfd,579632052901,356,Leslie Benitez,2028-06-10T00:00:00.000Z
66794916d575271fd9127bfe,6011712478973724,905,Jerry Adams DVM,2026-02-18T00:00:00.000Z
66794916d575271fd9127bff,4652448136345,884,Michele Morales MD,2027-08-26T00:00:00.000Z
66794916d575271fd9127c00,3540870775010355,518,Zachary Byrd,2028-02-28T00:00:00.000Z
