{
    "answers": {
        "phase": "architecture",
        "action": "data design",
        "scope": "container configuration",
        "action experience": 0,
        "prog lang": "n/a",
        "other prog lang": "<fill in>",
        "aimodel": "chatgpt",
        "aimodel version": "4.x",
        "lmstudio-hosted aimodel": "<fill-in>",
        "tool option": "online full",
        "experience with tool": 3,
        "time allocated (h)": 0.2,
        "time saved estimate (h)": 2,
        "quality of ai help": 3,
        "knowledge acquired": 3,
        "generic feeling - now": 2,
        "generic feeling - future": 4,
        "threat level": 1,
        "notes": "<fill in>"
    }
}