{
    "answers": {
        "phase": "architecture",
        "action": "container structuring",
        "scope": "uml other",
        "action experience": 3,
        "prog lang": "n/a",
        "other prog lang": "<fill in>",
        "aimodel": "chatgpt",
        "aimodel version": "4.x",
        "lmstudio-hosted aimodel": "<fill-in>",
        "tool option": "online full",
        "experience with tool": 1,
        "time allocated (h)": 3.6,
        "time saved estimate (h)": 4.7,
        "quality of ai help": 3,
        "knowledge acquired": 2,
        "generic feeling - now": 3,
        "generic feeling - future": 3,
        "threat level": 4,
        "notes": "<fill in>"
    }
}