{
    "answers": {
        "phase": "deployment",
        "action": "container structuring",
        "scope": "deployment scripts",
        "action experience": 1,
        "prog lang": "n/a",
        "other prog lang": "<fill in>",
        "aimodel": "chatgpt",
        "aimodel version": "4.x",
        "lmstudio-hosted aimodel": "<fill-in>",
        "tool option": "online full",
        "experience with tool": 5,
        "time allocated (h)": 0.2,
        "time saved estimate (h)": 3,
        "quality of ai help": 4,
        "knowledge acquired": 4,
        "generic feeling - now": 2,
        "generic feeling - future": 5,
        "threat level": 1,
        "notes": "<fill in>"
    }
}