{
   "answers": {
        "phase": "design",
        "action": "orchestration design",
        "scope": "frontend",
        "action experience": 1,
        "prog lang": "n/a",
        "other prog lang": "<fill in>",
        "aimodel": "chatgpt",
        "aimodel version": "4.x",
        "lmstudio-hosted aimodel": "<fill-in>",
        "tool option": "online full",
        "experience with tool": 3,
        "time allocated (h)": 0.1,
        "time saved estimate (h)": 2,
        "quality of ai help": 2,
        "knowledge acquired": 2,
        "generic feeling - now": 2,
        "generic feeling - future": 2,
        "threat level": 1,
        "notes": "<fill in>"
    }
}