{
    "answers": {
            "phase": "deployment",
            "action": "source code authoring",
            "scope": "deployment scripts",
            "action experience": 1,
            "prog lang": "n/a",
            "other prog lang": "<fill in>",
            "aimodel": "chatgpt",
            "aimodel version": "4.x",
            "lmstudio-hosted aimodel": "<fill-in>",
            "tool option": "online full",
            "experience with tool": 3,
            "time allocated (h)": 0.1,
            "time saved estimate (h)": 5,
            "quality of ai help": 5,
            "knowledge acquired": 5,
            "generic feeling - now": 5,
            "generic feeling - future": 5,
            "threat level": 1,
            "notes": "<fill in>"
        }
}