{
    "answers": {
        "phase": "coding",
        "action": "source code authoring",
        "scope": "frontend",
        "action experience": 0,
        "prog lang": "other",
        "other prog lang": "html",
        "aimodel": "chatgpt",
        "aimodel version": "4.x",
        "lmstudio-hosted aimodel": "<fill-in>",
        "tool option": "online full",
        "experience with tool": 1,
        "time allocated (h)": 3.6,
        "time saved estimate (h)": 3.9,
        "quality of ai help": 0,
        "knowledge acquired": 5,
        "generic feeling - now": 3,
        "generic feeling - future": 2,
        "threat level": 4,
        "notes": "<fill in>"
    }
}